ema;institucion;nombre_ema;comuna;region;latitud;longitud;fecha_de_alta
1;FDF;Azapa1;Arica;Arica y Parinacota;-18,509638889;-70,248055554;2013-03-08T06:49:10Z
2;FDF;Azapa2;Arica;Arica y Parinacota;-18,520444444;-70,232666667;2013-03-08T06:49:10Z
3;FDF;Tranque Lautaro;Tierra Amarilla;Atacama;-27,975583333;-70,000000000;2013-03-08T06:49:12Z
4;FDF;Jotabeche;Tierra Amarilla;Atacama;-27,588611111;-70,244722222;2013-03-08T06:49:12Z
5;FDF;Hornitos;Tierra Amarilla;Atacama;-27,728888889;-70,196666667;2013-03-08T06:49:12Z
6;FDF;Copiapo;Copiapó;Atacama;-27,345833333;-70,407777778;2013-03-08T06:49:11Z
7;FDF;Bodega;Copiapó;Atacama;-27,343611111;-70,372777778;2013-03-08T06:49:11Z
8;FDF;Vallenar;Freirina;Atacama;-28,526305556;-70,943083333;2013-03-08T06:49:11Z
9;FDF;Alto del Carmen;Alto del Carmen;Atacama;-28,768166667;-70,449222222;2013-03-08T06:49:10Z
10;FDF;El Palqui;Monte Patria;Coquimbo;-30,746388889;-70,936944444;2013-03-08T06:49:11Z
11;FDF;Vicuña;Vicuña;Coquimbo;-30,038333333;-70,696666667;2013-03-08T06:49:12Z
12;FDF;Paihuano;Paiguano;Coquimbo;-30,046944444;-70,510833333;2013-03-08T06:49:11Z
13;FDF;Recoleta;Ovalle;Coquimbo;-30,490916667;-71,165777778;2013-03-08T06:49:11Z
14;FDF;San Julián;Ovalle;Coquimbo;-30,655277778;-71,318888889;2013-03-08T06:49:11Z
15;FDF;Monte Patria;Monte Patria;Coquimbo;-30,682222222;-70,939444444;2013-03-08T06:49:11Z
16;FDF;Combarbalá;Combarbalá;Coquimbo;-31,188333333;-70,998888889;2013-03-08T06:49:11Z
17;FDF;Punitaqui;Punitaqui;Coquimbo;-30,780000000;-71,256111111;2013-03-08T06:49:12Z
18;FDF;Illapel;Illapel;Coquimbo;-31,731055556;-71,205555556;2013-03-08T06:49:11Z
19;FDF;Salamanca;Salamanca;Coquimbo;-31,787388889;-70,959611111;2013-03-08T06:49:12Z
20;FDF;Cabildo;Cabildo;Valparaíso;-32,362194444;-70,819722222;2013-03-08T06:49:10Z
21;FDF;Petorca;Cabildo;Valparaíso;-32,396666667;-71,029444444;2013-03-08T06:49:10Z
22;FDF;SAN ESTEBAN;San Esteban;Valparaíso;-32,750444444;-70,557583333;2013-03-08T06:49:12Z
24;FDF;Calle Larga;Calle Larga;Valparaíso;-32,870555556;-70,646111111;2013-03-08T06:49:10Z
25;FDF;Rinconada;Rinconada;Valparaíso;-32,837055556;-70,692527778;2013-03-08T06:49:12Z
26;FDF;San Felipe;San Felipe;Valparaíso;-32,755333000;-70,706917000;2013-03-08T06:49:12Z
27;FDF;Putaendo;Putaendo;Valparaíso;-32,593694444;-70,726111111;2013-03-08T06:49:12Z
28;FDF;Santa María;Santa María;Valparaíso;-32,749166667;-70,660277778;2013-03-08T06:49:12Z
29;FDF;Panquehue;Panquehue;Valparaíso;-32,756638889;-70,808833333;2013-03-08T06:49:11Z
30;FDF;Llayllay;Llaillay;Valparaíso;-32,903333333;-70,950555556;2013-03-08T06:49:11Z
31;FDF;Catemu;Catemu;Valparaíso;-32,757777778;-70,942777778;2013-03-08T06:49:11Z
32;FDF;Quillota;Quillota;Valparaíso;-32,892388889;-71,206722222;2013-03-08T06:49:12Z
33;FDF;La Cruz;La Cruz;Valparaíso;-32,800000000;-71,200000000;2013-03-08T06:49:11Z
34;FDF;Nogales;Nogales;Valparaíso;-32,736388889;-71,199166667;2013-03-08T06:49:11Z
35;FDF;Hijuelas;Hijuelas;Valparaíso;-32,847944444;-71,067083333;2013-03-08T06:49:11Z
36;FDF;Limache;Limache;Valparaíso;-32,994444444;-71,260666667;2013-03-08T06:49:11Z
37;FDF;Olmué;Olmué;Valparaíso;-33,021944444;-71,186388889;2013-03-08T06:49:11Z
38;FDF;Casablanca;Casablanca;Valparaíso;-33,320833333;-71,437222222;2013-03-08T06:49:11Z
39;FDF;San Diego;Melipilla;Metropolitana;-33,703027778;-71,371861111;2013-03-08T06:49:11Z
40;FDF;HUECHÚN EX Lampa;Tiltil;Metropolitana;-33,077222222;-70,752777778;2013-03-08T06:49:11Z
41;FDF;Til til;Tiltil;Metropolitana;-33,121333333;-70,834777778;2013-03-08T06:49:12Z
42;FDF;Pirque;Pirque;Metropolitana;-33,673888889;-70,586944444;2013-03-08T06:49:12Z
43;FDF;Buin;Buin;Metropolitana;-33,707361111;-70,701555556;2013-03-08T06:49:10Z
44;FDF;Melipilla;El Monte;Metropolitana;-33,650000000;-71,100000000;2013-03-08T06:49:11Z
45;FDF;TALAGANTE;Talagante;Metropolitana;-33,673250000;-70,921138889;2013-03-08T06:49:12Z
46;FDF;LO HERRERA;San Bernardo;Metropolitana;-33,662888889;-70,765916667;2013-03-08T06:49:12Z
47;FDF;HUELQUEN;Paine;Metropolitana;-33,862083333;-70,639194444;2013-03-08T06:49:11Z
48;FDF;COLINA;Colina;Metropolitana;-33,218777778;-70,715833333;2013-03-08T06:49:11Z
49;FDF;Calera de Tango;Calera de Tango;Metropolitana;-33,630555556;-70,799166667;2013-03-08T06:49:10Z
50;FDF;Chocalan;Melipilla;Metropolitana;-33,725555556;-71,209722222;2013-03-08T06:49:11Z
51;FDF;Mallarauco;Melipilla;Metropolitana;-33,586666667;-70,996111111;2013-03-08T06:49:11Z
52;FDF;Curacaví;Curacaví;Metropolitana;-33,438611111;-71,025555556;2013-03-08T06:49:11Z
53;FDF;Alhué;Alhué;Metropolitana;-34,065000000;-71,253888889;2013-03-08T06:49:10Z
54;FDF;San Pedro;San Pedro;Metropolitana;-33,891388889;-71,394166667;2013-03-08T06:49:12Z
55;FDF;Isla de Maipo;Isla de Maipo;Metropolitana;-33,763888889;-70,886666667;2013-03-08T06:49:11Z
56;FDF;El Monte;El Monte;Metropolitana;-33,691944444;-71,100833333;2013-03-08T06:49:11Z
57;FDF;QUINTA TILCOCO;Quinta de Tilcoco;O'Higgins;-34,362000000;-70,935277778;2013-03-08T06:49:12Z
58;FDF;SAN FERNANDO;San Fernando;O'Higgins;-34,577833333;-70,975527778;2013-03-08T06:49:12Z
59;FDF;STA. BRISILA;Las Cabras;O'Higgins;-34,298080556;-71,323800000;2013-03-08T06:49:11Z
60;FDF;Chimbarongo;Chimbarongo;O'Higgins;-34,670833333;-71,031666667;2013-03-08T06:49:11Z
61;FDF;Codegua Norte Ex Rancagua;Codegua;O'Higgins;-34,108888889;-70,639583333;2013-03-08T06:49:11Z
62;FDF;Graneros Norte;Graneros;O'Higgins;-34,061944444;-70,705000000;2013-03-08T06:49:11Z
63;FDF;Mostazal;Mostazal;O'Higgins;-34,001666667;-70,701666667;2013-03-08T06:49:11Z
64;FDF;Codegua;Codegua;O'Higgins;-34,110277778;-70,653611111;2013-03-08T06:49:11Z
65;FDF;Punta Cortes;Rancagua;O'Higgins;-34,169750000;-70,791277778;2013-03-08T06:49:12Z
66;FDF;Olivar Alto;Olivar;O'Higgins;-34,203055556;-70,824166667;2013-03-08T06:49:11Z
67;FDF;Los Maquis;Malloa;O'Higgins;-34,499722222;-70,839722222;2013-03-08T06:49:11Z
68;FDF;San Vicente TT;San Vicente;O'Higgins;-34,457777778;-71,050555556;2013-03-08T06:49:12Z
69;FDF;Coltauco;Coltauco;O'Higgins;-34,237777778;-71,005000000;2013-03-08T06:49:11Z
70;FDF;Rapel;Las Cabras;O'Higgins;-34,216666667;-71,300000000;2013-03-08T06:49:11Z
71;FDF;Peumo Norte Ex Las Cabras;Peumo;O'Higgins;-34,326944444;-71,258888889;2013-03-08T06:49:11Z
72;FDF;El Carmen;San Fernando;O'Higgins;-34,608055556;-70,975000000;2013-03-08T06:49:12Z
74;FDF;Chépica;Chépica;O'Higgins;-34,738611111;-71,258055556;2013-03-08T06:49:11Z
75;FDF;Nancagua 2;Nancagua;O'Higgins;-34,660833333;-71,283611111;2013-03-08T06:49:11Z
76;FDF;Santa Cruz;Santa Cruz;O'Higgins;-34,690833333;-71,400000000;2013-03-08T06:49:12Z
77;FDF;Lolol;Lolol;O'Higgins;-34,713611111;-71,629722222;2013-03-08T06:49:11Z
78;FDF;La Estrella Sur Ex Pumanque;La Estrella;O'Higgins;-34,213333333;-71,716111111;2013-03-08T06:49:11Z
79;FDF;Palmilla;Palmilla;O'Higgins;-34,546666667;-71,395000000;2013-03-08T06:49:11Z
80;FDF;La Estrella Norte;La Estrella;O'Higgins;-34,213333333;-71,716111111;2013-03-08T06:49:11Z
81;FDF;Marchigue;Marchihue;O'Higgins;-34,405555556;-71,607222222;2013-03-08T06:49:11Z
82;FDF;Requinoa;Requínoa;O'Higgins;-34,321667000;-70,833694000;2013-03-08T06:49:11Z
83;FDF;Tres Esquinas;Molina;Maule;-35,144722222;-71,216111111;2013-03-08T06:49:11Z
84;FDF;YERBAS BUENAS 2;Yerbas Buenas;Maule;-35,690472222;-71,553944444;2013-03-08T06:49:12Z
86;FDF;Morza Norte Ex Peteroa;Teno;Maule;-34,835000000;-71,024166667;2013-03-08T06:49:12Z
88;FDF;Morza;Teno;Maule;-34,851666667;-71,020277778;2013-03-08T06:49:12Z
89;FDF;Teno;Teno;Maule;-34,878888889;-71,165277778;2013-03-08T06:49:12Z
90;FDF;Sagrada Familia;Sagrada Familia;Maule;-34,996944444;-71,374166667;2013-03-08T06:49:12Z
91;FDF;Rauco;Rauco;Maule;-34,925000000;-71,283055556;2013-03-08T06:49:12Z
92;FDF;Lontue;Molina;Maule;-35,049722222;-71,248055556;2013-03-08T06:49:11Z
93;FDF;Maule;San Javier;Maule;-35,576666667;-71,678888889;2013-03-08T06:49:12Z
94;FDF;San Rafael;San Rafael;Maule;-35,303611111;-71,475833333;2013-03-08T06:49:12Z
95;FDF;Pencahue;Pencahue;Maule;-35,455833333;-71,772222222;2013-03-08T06:49:11Z
97;FDF;Yerbas Buenas;Yerbas Buenas;Maule;-35,743888889;-71,573055556;2013-03-08T06:49:12Z
98;FDF;Colbún;Colbún;Maule;-35,662222222;-71,453611111;2013-03-08T06:49:11Z
99;FDF;Linares 2;Longaví;Maule;-35,932194000;-71,566833000;2013-03-08T06:49:11Z
100;FDF;Longaví Norte;Longaví;Maule;-36,053611111;-71,683333333;2013-03-08T06:49:11Z
101;FDF;Longaví Sur;Longaví;Maule;-35,953055556;-71,608055556;2013-03-08T06:49:11Z
102;FDF;Parral;Parral;Maule;-36,213333333;-71,737500000;2013-03-08T06:49:11Z
103;FDF;Parral Norte;Retiro;Maule;-36,230277778;-71,732222222;2013-03-08T06:49:12Z
104;FDF;Villa Alegre;San Javier;Maule;-35,696111111;-71,682222222;2013-03-08T06:49:12Z
105;FDF;San Javier;San Javier;Maule;-35,629722222;-71,603888889;2013-03-08T06:49:12Z
106;FDF;Ñiquén;San Ignacio;Biobío;-36,293611111;-71,893611111;2013-03-08T06:49:12Z
107;FDF;Coihueco;Coihueco;Biobío;-36,557222222;-71,817222222;2013-03-08T06:49:11Z
108;FDF;Pinto;Pinto;Biobío;-36,713333333;-71,875555556;2013-03-08T06:49:12Z
109;FDF;Trehualemu Ex - San Ignacio Sur;El Carmen;Biobío;-36,920833333;-71,893333333;2013-03-08T06:49:11Z
110;FDF;San Ignacio;San Ignacio;Biobío;-36,843611111;-72,124722222;2013-03-08T06:49:12Z
111;FDF;Los Coligues Ex - Chillan Viejo;San Fabián;Biobío;-36,629166667;-72,233333333;2013-03-08T06:49:12Z
112;FDF;Bulnes;Bulnes;Biobío;-36,735555556;-72,366944444;2013-03-08T06:49:10Z
113;FDF;Quillón;Quillón;Biobío;-36,745000000;-72,504722222;2013-03-08T06:49:12Z
114;FDF;San Nicolás;San Nicolás;Biobío;-36,517777778;-72,094444444;2013-03-08T06:49:12Z
115;FDF;Renaico;Renaico;Araucanía;-37,726111111;-72,604722222;2013-03-08T06:49:12Z
116;FDF;Mulchén;Mulchén;Biobío;-37,703611111;-72,216944444;2013-03-08T06:49:11Z
117;FDF;Negrete;Mulchén;Biobío;-37,595277778;-72,466666667;2013-03-08T06:49:11Z
118;FDF;Los Angeles;Los Ángeles;Biobío;-37,447222222;-72,517222222;2013-03-08T06:49:11Z
119;FDF;Las Viñas;Los Ángeles;Biobío;-37,501388889;-72,300555556;2013-03-08T06:49:11Z
120;FDF;Tierras Nobles;Los Ángeles;Biobío;-37,441944444;-72,617777778;2013-03-08T06:49:11Z
121;FDF;Collipulli;Collipulli;Araucanía;-38,001111111;-72,245555556;2013-03-08T06:49:11Z
122;FDF;Galvarino;Traiguén;Araucanía;-38,359166667;-72,709722222;2013-03-08T06:49:12Z
123;FDF;Traiguén;Traiguén;Araucanía;-38,357222222;-72,547500000;2013-03-08T06:49:12Z
124;FDF;Cunco;Cunco;Araucanía;-39,006666667;-72,251388889;2013-03-08T06:49:11Z
125;FDF;Pocoyan;Teodoro Schmidt;Araucanía;-38,992500000;-73,098888889;2013-03-08T06:49:12Z
126;FDF;Nueva Imperial;Nueva Imperial;Araucanía;-38,761388889;-72,877500000;2013-03-08T06:49:11Z
127;FDF;Freire;Freire;Araucanía;-38,971388889;-72,784166667;2013-03-08T06:49:11Z
128;FDF;Loncoche;Pucón;Araucanía;-39,393333333;-72,636666667;2013-03-08T06:49:12Z
129;FDF;Gorbea;Gorbea;Araucanía;-39,103055556;-72,615277778;2013-03-08T06:49:11Z
130;FDF;Pucon;Loncoche;Araucanía;-39,355833333;-71,781388889;2013-03-08T06:49:11Z
131;FDF;Mariquina;Mariquina;Los Ríos;-39,620833333;-73,073333333;2013-03-08T06:49:11Z
132;FDF;MAFIL;Máfil;Los Ríos;-39,631388889;-72,948333333;2013-03-08T06:49:11Z
133;FDF;Paillaco;Paillaco;Los Ríos;-40,096388889;-72,926666667;2013-03-08T06:49:11Z
135;FDF;Río Bueno;La Unión;Los Ríos;-40,322777778;-72,979444444;2013-03-08T06:49:11Z
136;FDF;La Union;La Unión;Los Ríos;-40,316666667;-73,024166667;2013-03-08T06:49:11Z
137;FDF;Osorno;Osorno;Los Lagos;-40,533333333;-73,072500000;2013-03-08T06:49:11Z
138;FDF;Purranque;Purranque;Los Lagos;-40,879444444;-73,052500000;2013-03-08T06:49:12Z
140;FDF;Río Negro;Río Negro;Los Lagos;-40,764722222;-73,151944444;2013-03-08T06:49:12Z
142;FDF;Aysén;Aysén;Aysén;-45,431944444;-72,714444444;2013-03-08T06:49:10Z
143;FDF;Coyhaique;Coyhaique;Aysén;-45,739722222;-72,125833333;2013-03-08T06:49:11Z
144;INIA;Azapa Alto;Arica;Arica y Parinacota;-18,577453833;-69,947264000;2013-03-08T06:49:10Z
145;INIA;Lago Chungará;Putre;Arica y Parinacota;-18,281824000;-69,138499833;2013-03-08T06:49:12Z
146;INIA;Colonia JF Lluta Bajo;Arica;Arica y Parinacota;-18,413709833;-70,206109833;2013-03-08T06:49:10Z
147;INIA;Lluta Alto;Arica;Arica y Parinacota;-18,393556000;-69,963339000;2013-03-08T06:49:10Z
148;INIA;Puro Chile - Lluta medio;Arica;Arica y Parinacota;-18,452168000;-70,067102000;2013-03-08T06:49:10Z
149;INIA;Socoroma;Putre;Arica y Parinacota;-18,263888833;-69,607675000;2013-03-08T06:49:12Z
150;INIA;Surire;Putre;Arica y Parinacota;-18,794647000;-69,084442833;2013-03-08T06:49:12Z
151;INIA;Truffa - Azapa medio;Arica;Arica y Parinacota;-18,547727833;-70,124645833;2013-03-08T06:49:10Z
152;INIA;Visviri;General Lagos;Arica y Parinacota;-17,594605000;-69,477417000;2013-03-08T06:49:12Z
153;INIA;Calama Rural;Calama;Antofagasta;-22,471029833;-68,942980000;2013-03-08T06:49:10Z
154;INIA;Ollague;Antofagasta;Antofagasta;-21,216700000;-68,233055556;2013-03-08T06:49:10Z
155;INIA;San Pedro de Atacama;San Pedro de Atacama;Antofagasta;-22,932200000;-68,213458000;2013-03-08T06:49:12Z
156;INIA;Socaire;San Pedro de Atacama;Antofagasta;-23,590585833;-67,890062833;2013-03-08T06:49:12Z
157;INIA;Toconao;San Pedro de Atacama;Antofagasta;-23,190500000;-68,007169000;2013-03-08T06:49:12Z
158;INIA;Algarrobo Bajo;Ovalle;Coquimbo;-30,633099833;-71,451409833;2013-03-08T06:49:11Z
159;INIA;CE Huasco Vallenar;Vallenar;Atacama;-28,581130000;-70,798289833;2013-03-08T06:49:12Z
160;INIA;Camarico;Ovalle;Coquimbo;-30,698989833;-71,321700000;2013-03-08T06:49:11Z
161;INIA;Monte Patria El Palqui;Monte Patria;Coquimbo;-30,774543833;-70,926831000;2013-03-08T06:49:11Z
162;INIA;La Platina;La Pintana;Metropolitana;-33,569870000;-70,627972833;2013-03-08T06:49:11Z
163;INIA;El Tambo;San Vicente;O'Higgins;-34,470992000;-70,986951000;2013-03-08T06:49:12Z
164;INIA;Cauquenes;Cauquenes;Maule;-35,955973000;-72,289938000;2013-03-08T06:49:11Z
165;INIA;Chanco;Chanco;Maule;-35,706556000;-72,511167000;2013-03-08T06:49:11Z
166;INIA;Coronel de Maule;Cauquenes;Maule;-36,059091833;-72,477688833;2013-03-08T06:49:11Z
167;INIA;Los Despachos;Cauquenes;Maule;-36,062114000;-72,371438833;2013-03-08T06:49:11Z
168;INIA;Santa Sofia;Cauquenes;Maule;-35,977643000;-72,359864000;2013-03-08T06:49:11Z
169;INIA;Sauzal;Cauquenes;Maule;-35,714879000;-72,111307833;2013-03-08T06:49:11Z
170;INIA;Cañete;Cañete;Biobío;-37,892071000;-73,411734833;2013-03-08T06:49:10Z
171;INIA;Chiguayante;Chiguayante;Biobío;-36,913490000;-73,035458000;2013-03-08T06:49:11Z
172;INIA;Coronel;Coronel;Biobío;-37,004823000;-73,140405000;2013-03-08T06:49:11Z
173;INIA;Human;Los Ángeles;Biobío;-37,433556000;-72,243975000;2013-03-08T06:49:11Z
174;INIA;Lebu;Lebu;Biobío;-37,682541000;-73,522166833;2013-03-08T06:49:11Z
175;INIA;Ninhue;Chillán;Biobío;-36,398105000;-72,395202833;2013-03-08T06:49:11Z
176;INIA;Nueva Aldea;Concepción;Biobío;-36,648899833;-72,513490000;2013-03-08T06:49:11Z
177;INIA;Portezuelo;Portezuelo;Biobío;-36,532037000;-72,368268000;2013-03-08T06:49:12Z
178;INIA;Punta Parra;Tomé;Biobío;-36,672393833;-72,964684000;2013-03-08T06:49:12Z
179;INIA;Sta Rosa;Chillán;Biobío;-36,535195000;-71,916433833;2013-03-08T06:49:11Z
180;INIA;Yungay;Yungay;Biobío;-37,141384833;-72,011761000;2013-03-08T06:49:12Z
181;INIA;Navidad;El Carmen;Biobío;-36,907300833;-71,935601000;2013-03-08T06:49:11Z
182;INIA;C. Llollinco;Teodoro Schmidt;Araucanía;-38,976944000;-72,997777833;2013-03-08T06:49:12Z
183;INIA;Carillanca;Vilcún;Araucanía;-38,693055833;-72,417221833;2013-03-08T06:49:12Z
184;INIA;Cuarta Faja;Gorbea;Araucanía;-39,115555833;-72,605277833;2013-03-08T06:49:11Z
185;INIA;Dominguez;Saavedra;Araucanía;-38,918610833;-73,240278000;2013-03-08T06:49:12Z
186;INIA;La Providencia;Traiguén;Araucanía;-38,289444000;-72,611389000;2013-03-08T06:49:12Z
188;INIA;Quiripio;Carahue;Araucanía;-38,639721833;-73,244167000;2013-03-08T06:49:10Z
189;INIA;El Quincho;Cunco;Araucanía;-38,913175000;-72,183514000;2013-03-08T06:49:11Z
190;INIA;Curacautín-San Luis;Curacautín;Araucanía;-38,401667000;-71,902500000;2013-03-08T06:49:11Z
191;INIA;Sta. Adela;Nueva Imperial;Araucanía;-38,756110833;-72,891389000;2013-03-08T06:49:11Z
192;INIA;Tranapuente;Carahue;Araucanía;-38,690832833;-73,353333000;2013-03-08T06:49:10Z
193;INIA;Lago Verde;Paillaco;Los Ríos;-40,165081000;-72,633842833;2013-03-08T06:49:11Z
194;INIA;El Cardal;Río Bueno;Los Ríos;-40,386736833;-72,919058000;2013-03-08T06:49:12Z
195;INIA;Butalcura;Dalcahue;Los Lagos;-42,261761833;-73,650812000;2013-03-08T06:49:11Z
196;INIA;Colegual;Llanquihue;Los Lagos;-41,221842833;-73,259855833;2013-03-08T06:49:11Z
197;INIA;Huyar Alto;Curaco de Vélez;Los Lagos;-42,403919000;-73,568191833;2013-03-08T06:49:11Z
198;INIA;La Pampa;Purranque;Los Lagos;-40,860638833;-73,156917000;2013-03-08T06:49:12Z
199;INIA;Los Canelos;Los Muermos;Los Lagos;-41,481326000;-73,474378000;2013-03-08T06:49:11Z
200;INIA;Octay;Puerto Octay;Los Lagos;-40,957155833;-72,885495000;2013-03-08T06:49:12Z
201;INIA;Polizones;Fresia;Los Lagos;-41,115147000;-73,376627833;2013-03-08T06:49:11Z
202;INIA;Quilanto;Frutillar;Los Lagos;-41,030728000;-72,996308833;2013-03-08T06:49:11Z
203;INIA;Remehue;Osorno;Los Lagos;-40,522204000;-73,063654833;2013-03-08T06:49:11Z
204;INIA;Tara;Chonchi;Los Lagos;-42,703730833;-73,788516833;2013-03-08T06:49:11Z
205;INIA;Chile Chico;Chile Chico;Aysén;-46,543241833;-71,699297833;2013-03-08T06:49:11Z
206;INIA;Cochrane;Cochrane;Aysén;-47,241733000;-72,582203000;2013-03-08T06:49:11Z
207;INIA;Tamelaike;Coihaique;Aysén;-45,759113833;-72,061842833;2013-03-08T06:49:11Z
208;INIA;Vista Hermosa;Coihaique;Aysén;-45,936818000;-71,835341833;2013-03-08T06:49:11Z
209;INIA;Puerto Natales;Natales;Magallanes;-51,698366833;-72,483081833;2013-03-08T06:49:11Z
210;INIA;Punta Arenas Rural;Punta Arenas;Magallanes;-53,068313000;-70,873761000;2013-03-08T06:49:12Z
213;METEOVID;Errazuriz;Quillota;Valparaíso;-32,898611111;-71,351666667;2013-03-08T06:49:12Z
214;METEOVID;Luis Felipe Edwards-Leyda;Santo Domingo;Valparaíso;-33,739750000;-71,636778000;2013-03-08T06:49:11Z
215;METEOVID;Casa Marín;Cartagena;Valparaíso;-33,524444444;-71,545555556;2013-03-08T06:49:10Z
216;METEOVID;Emiliana;Casablanca;Valparaíso;-33,361388889;-71,309166667;2013-03-08T06:49:10Z
217;METEOVID;Ventisquero-Tapihue;Casablanca;Valparaíso;-33,300555556;-71,283333333;2013-03-08T06:49:10Z
218;METEOVID;Casa Rivas (N.C.);Curacaví;Metropolitana;-33,506388889;-71,060833333;2013-03-08T06:49:11Z
219;METEOVID;William Fevre;Pirque;Metropolitana;-33,671388889;-70,581666667;2013-03-08T06:49:12Z
220;METEOVID;Morandé - Romeral;Buin;Metropolitana;-33,706388889;-70,772777778;2013-03-08T06:49:10Z
221;METEOVID;Santa Rita;Buin;Metropolitana;-33,718611111;-70,669166667;2013-03-08T06:49:10Z
222;METEOVID;De Martino;Isla de Maipo;Metropolitana;-33,581944444;-70,880555556;2013-03-08T06:49:11Z
223;METEOVID;Chocalán;Melipilla;Metropolitana;-33,760555556;-71,225555556;2013-03-08T06:49:11Z
224;METEOVID;Pérez Cruz;Buin;Metropolitana;-33,843055556;-70,619722222;2013-03-08T06:49:10Z
225;METEOVID;San Pedro;Paine;Metropolitana;-33,768888889;-70,929722222;2013-03-08T06:49:11Z
226;METEOVID;Ventisquero;Buin;Metropolitana;-34,022500000;-71,344166667;2013-03-08T06:49:10Z
227;METEOVID;Anakena;Requínoa;O'Higgins;-34,304722222;-70,771666667;2013-03-08T06:49:12Z
228;METEOVID;La Rosa – Oeste;Peumo;O'Higgins;-34,325000000;-71,239444444;2013-03-08T06:49:11Z
229;METEOVID;Casa Silva-Los Lingues;San Fernando;O'Higgins;-34,502222222;-70,894722222;2013-03-08T06:49:12Z
230;METEOVID;Ventisquero-Peralillo;Peralillo;O'Higgins;-34,394444444;-71,445555556;2013-03-08T06:49:11Z
231;METEOVID;Montes;Marchihue;O'Higgins;-34,340555556;-71,652222222;2013-03-08T06:49:11Z
232;METEOVID;Lapostolle-Apalta;Santa Cruz;O'Higgins;-34,593611111;-71,302222222;2013-03-08T06:49:12Z
233;METEOVID;Conosur;Chimbarongo;O'Higgins;-34,715555556;-71,038611111;2013-03-08T06:49:11Z
234;METEOVID;Hacienda Araucano-Lolol;Peralillo;O'Higgins;-34,727222222;-71,588888889;2013-03-08T06:49:11Z
236;METEOVID;Ventisquero-Apalta;Santa Cruz;O'Higgins;-34,608055556;-71,246944444;2013-03-08T06:49:12Z
238;METEOVID;Aresti;Molina;Maule;-35,151388889;-71,298055556;2013-03-08T06:49:11Z
239;METEOVID;Viñedos Puertas;Curicó;Maule;-34,986944444;-71,279722222;2013-03-08T06:49:11Z
240;METEOVID;Casas Patronales;San Clemente;Maule;-35,491666667;-71,445555556;2013-03-08T06:49:12Z
241;METEOVID;J. Bouchon;San Javier;Maule;-35,569166667;-71,995277778;2013-03-08T06:49:12Z
242;METEOVID;Torres;San Javier;Maule;-35,567222222;-72,290000000;2013-03-08T06:49:12Z
244;METEOVID;Odjfell;Cauquenes;Maule;-36,144722222;-72,265833333;2013-03-08T06:49:11Z
245;METEOVID;Guilisasti;Mulchén;Biobío;-37,648333333;-72,216111111;2013-03-08T06:49:11Z
246;METEOVID;Garcés Silva;San Antonio;Valparaíso;-33,681388889;-71,495833333;2013-03-08T06:49:11Z
247;METEOVID;Morandé;San Bernardo;Metropolitana;-33,581388889;-70,716666667;2013-03-08T06:49:12Z
248;METEOVID;San Pedro-El Tránsito;Paine;Metropolitana;-33,771111111;-70,685555556;2013-03-08T06:49:11Z
249;METEOVID;Santa Carolina;Paine;Metropolitana;-33,599722222;-70,649722222;2013-03-08T06:49:11Z
250;METEOVID;San Pedro-Totihue;Totihue;O'Higgins;-34,341111111;-70,727777778;2013-03-08T06:49:12Z
251;METEOVID;Luis Felipe Edwards;Colchagua;O'Higgins;-34,693055556;-71,156944444;2013-03-08T06:49:11Z
252;METEOVID;San Pedro-Molina;Molina;Maule;-35,103055556;-71,338333333;2013-03-08T06:49:11Z
253;METEOVID;San Pedro-Pencahue;Pencahue;Maule;-35,333888889;-71,769166667;2013-03-08T06:49:11Z
254;METEOVID;El Aromo;Duao;Maule;-35,535555556;-71,598333333;2013-03-08T06:49:11Z
260;INIA;Hidango;Litueche;O'Higgins;-34,100000000;-71,800000000;2013-05-08T12:24:25Z
261;INIA;Caspana;Calama;Antofagasta;-22,334515000;-68,213597000;2013-05-08T12:24:25Z
263;INIA;Codpa;Camarones;Arica y Parinacota;-18,833055556;-69,744444444;2013-05-08T12:24:25Z
264;INIA;Tierra del Fuego;Primavera;Magallanes;-52,804319889;-69,273691000;2013-05-08T12:24:25Z
265;INIA;El Claro;Coyhaique;Aysén;-45,981200000;-72,092267000;2013-05-08T12:24:25Z
266;INIA;Las Lomas;Máfil;Los Ríos;-39,700929000;-73,014793000;2013-05-08T12:24:25Z
267;INIA;San Antonio de Naltahua;Isla de Maipo;Metropolitana;-33,725439000;-71,042558000;2013-05-08T12:24:25Z
268;INIA;San Pedro de Melipilla;San Pedro;Metropolitana;-33,897935000;-71,452881000;2013-05-08T12:24:25Z
269;INIA;Santa Carla;Panguipulli;Los Ríos;-39,679571000;-72,611389000;2013-05-08T12:24:25Z
270;INIA;Isla Riesco-Río Verde;Río Verde;Magallanes;-53,030495000;-71,933637000;2013-05-08T12:24:25Z
271;INIA;Desagüe Rupanco;Puyehue;Los Lagos;-40,752634000;-72,663894000;2013-05-08T12:24:25Z
272;FDF;La Higuera;La Ligua;Valparaíso;-32,492696830;-71,152880830;2014-07-31T16:42:55Z
273;FDF;San Lorenzo;Cabildo;Valparaíso;-32,439416830;-71,002960830;2014-07-31T17:12:05Z
274;FDF;Pullancón;La Ligua;Valparaíso;-32,307082830;-71,230750000;2014-07-31T17:15:22Z
275;FDF;Palquico;Petorca;Valparaíso;-32,257027830;-71,141638830;2014-07-31T17:17:11Z
276;FDF;Manuel Montt;Petorca;Valparaíso;-32,322861000;-71,061055830;2014-07-31T17:19:22Z
277;FDF;Las Puertas;Cabildo;Valparaíso;-32,362194000;-70,819721830;2014-07-31T17:21:57Z
278;FDF;Paihuén;Cabildo;Valparaíso;-32,379277830;-70,841622000;2014-07-31T17:33:07Z
279;FDF;Catapilco;Zapallar;Valparaíso;-32,560332830;-71,311806000;2014-07-31T17:35:23Z
280;FDF;El Guindo;La Ligua;Valparaíso;-32,357166830;-71,345472000;2014-07-31T17:37:01Z
281;INIA;Camarones;Camarones;Arica y Parinacota;-19,000000000;-69,900000000;2014-10-07T11:51:19Z
282;INIA;Putre;Putre;Arica y Parinacota;-18,200000000;-69,600000000;2014-10-07T12:07:43Z
283;INIA;Amolana Copiapo 2;Tierra Amarilla;Atacama;-28,000000000;-70,000000000;2014-10-07T12:22:43Z
284;INIA;La Cruz;La Cruz;Valparaíso;-32,822000000;-71,230400000;2014-10-07T12:46:47Z
285;INIA;Los Tilos;Buin;Metropolitana;-33,700000000;-70,700000000;2014-10-08T09:28:34Z
286;INIA;Palermo;La Unión;Los Ríos;-40,300000000;-73,100000000;2014-10-08T09:35:10Z
287;INIA;Ensenada;Puerto Varas;Los Lagos;-41,233333333;-72,516111111;2014-10-08T09:36:43Z
288;INIA;Quilacahuin;San Pablo;Los Lagos;-40,300000000;-73,300000000;2014-10-08T09:42:49Z
289;INIA;Kampenaike;Laguna Blanca;Magallanes;-52,600000000;-70,900000000;2014-10-08T09:44:42Z
290;FDF;Curimón;San Felipe;Valparaíso;-32,799972000;-70,700306000;2014-10-15T15:31:14Z
291;FDF;Tutuquen;Curicó;Maule;-34,961611000;-71,315861000;2014-10-15T15:37:05Z
292;FDF;Miraflores;Linares;Maule;-35,918056000;-71,613306000;2014-10-15T15:47:10Z
293;FDF;Rarin;Vichuquén;Maule;-34,765667000;-71,956667000;2014-10-15T15:48:42Z
294;FDF;Placilla Chacarilla;Placilla;O'Higgins;-34,641583000;-71,135667000;2014-10-15T16:06:38Z
295;FDF;La Union Norte;La Unión;Los Ríos;-40,288667000;-73,071333000;2014-10-15T16:12:48Z
309;INIA;Cerro Blanco;Arica;Arica y Parinacota;-18,575000000;-70,070000000;2015-02-24T08:54:28Z
310;INIA;Chaca;Arica;Arica y Parinacota;-18,810000000;-70,156000000;2015-02-24T08:57:08Z
311;INIA;Santa Amada;Linares;Maule;-35,761000000;-71,480000000;2015-02-24T09:26:20Z
312;INIA;San Clemente;San Clemente;Maule;-35,531000000;-71,574000000;2015-02-24T09:27:18Z
313;INIA;Marimenuco;Lonquimay;Araucanía;-38,731667000;-71,140833000;2015-07-03T11:22:01Z
314;INIA;Centro Experimental Arroz INIA;San Carlos;Biobío;-36,409298000;-72,006731000;2015-07-03T11:24:00Z
315;INIA;Puala;Curarrehue;Araucanía;-39,381944000;-71,572500000;2015-07-03T11:26:36Z
316;INIA;Huiscapi;Villarrica;Araucanía;-39,263333000;-72,398889000;2015-07-03T11:29:46Z
317;INIA;Sta Inés;Lautaro;Araucanía;-38,504722000;-72,343611000;2015-07-03T11:31:05Z
318;INIA;Las Palmas;Victoria;Araucanía;-38,227778000;-72,273333000;2015-07-03T11:33:49Z
319;INIA;Surco y semilla;Collipulli;Araucanía;-38,032500000;-72,285278000;2015-07-03T11:35:03Z
320;INIA;Manzanares;Renaico;Araucanía;-37,772500000;-72,546111000;2015-07-03T11:36:35Z
321;INIA;San Fabián;Galvarino;Araucanía;-38,446389000;-72,849444000;2015-07-03T11:38:11Z
322;INIA;Perales;Cholchol;Araucanía;-38,663889000;-72,808889000;2015-07-03T11:39:39Z
323;CEAZA;Cerro Grande;La Serena;Coquimbo;-29,938490000;-71,223580000;2015-12-14T13:00:13Z
324;CEAZA;Ovalle;Ovalle;Coquimbo;-30,592030000;-71,247970000;2015-12-14T13:43:01Z
325;CEAZA;Tongoy Balsa CMET;Coquimbo;Coquimbo;-30,275140000;-71,561140000;2016-01-13T16:22:08Z
326;CEAZA;La Serena;La Serena;Coquimbo;-29,915020000;-71,242210000;2016-01-13T16:37:52Z
327;CEAZA;Coquimbo;Coquimbo;Coquimbo;-30,000000000;-71,400000000;2016-01-13T16:39:26Z
328;CEAZA;Rapel;Monte Patria;Coquimbo;-30,723200000;-70,772600000;2016-01-13T16:41:05Z
329;CEAZA;Huintil;Illapel;Coquimbo;-31,573190000;-70,998310000;2016-01-13T16:42:06Z
330;CEAZA;El Tapado;Vicuña;Coquimbo;-30,156700000;-69,914210000;2016-01-13T16:43:14Z
331;CEAZA;La Laguna;Vicuña;Coquimbo;-30,202890000;-70,037180000;2016-01-13T16:44:07Z
332;CEAZA;Hualtatas;Monte Patria;Coquimbo;-31,707320000;-70,525000000;2016-01-13T16:44:57Z
333;CEAZA;Los Molles [Bocatoma];Monte Patria;Coquimbo;-30,746080000;-70,419220000;2016-01-13T16:46:34Z
334;CEAZA;Pan de Azúcar [INIA];Coquimbo;Coquimbo;-30,066670000;-71,233330000;2016-01-13T16:47:21Z
335;CEAZA;Pisco Elqui;Paiguano;Coquimbo;-30,116670000;-70,483330000;2016-01-13T16:48:08Z
336;CEAZA;Rivadavia;Paiguano;Coquimbo;-29,961850000;-70,538880000;2016-01-13T16:50:36Z
337;CEAZA;Gabriela Mistral;La Serena;Coquimbo;-29,978520000;-71,080390000;2016-01-13T16:52:18Z
338;CEAZA;Tascadero;Monte Patria;Coquimbo;-31,262820000;-70,540000000;2016-01-13T16:53:19Z
339;CEAZA;Andacollo;Andacollo;Coquimbo;-30,249710000;-71,066430000;2016-01-13T16:54:12Z
340;CEAZA;Vicuña;Vicuña;Coquimbo;-30,038320000;-70,696550000;2016-01-13T16:55:21Z
341;CEAZA;Paso Aguas Negras;Vicuña;Coquimbo;-30,191370000;-69,825460000;2016-01-13T16:56:11Z
342;CEAZA;Canela;Canela;Coquimbo;-31,390000000;-71,410000000;2016-01-13T16:57:20Z
343;CEAZA;Hurtado;Río Hurtado;Coquimbo;-30,309170000;-70,626460000;2016-01-13T16:58:11Z
344;CEAZA;Illapel;Illapel;Coquimbo;-31,648140000;-71,196950000;2016-01-13T17:00:08Z
345;CEAZA;UCN Guayacan;Coquimbo;Coquimbo;-29,966630000;-71,352800000;2016-01-13T17:03:22Z
346;CEAZA;Pichasca;Río Hurtado;Coquimbo;-30,413060000;-70,902750000;2016-01-13T17:06:09Z
347;CEAZA;Quebrada Seca;Ovalle;Coquimbo;-30,496130000;-71,490510000;2016-01-13T17:07:22Z
348;CEAZA;Cachiyuyo;Vallenar;Atacama;-29,057200000;-70,905170000;2016-01-13T17:09:01Z
349;CEAZA;Punta de Choros;La Higuera;Coquimbo;-29,245940000;-71,468700000;2016-01-13T17:20:39Z
350;CEAZA;Mincha Sur;Canela;Coquimbo;-31,590000000;-71,420000000;2016-01-13T17:22:17Z
351;CEAZA;Punta Colorada;La Higuera;Coquimbo;-29,354110000;-71,032860000;2016-01-13T17:23:25Z
352;CEAZA;Las Cardas;Coquimbo;Coquimbo;-30,251450000;-71,256900000;2016-01-13T17:27:29Z
353;CEAZA;Combarbalá;Combarbalá;Coquimbo;-31,200930000;-71,000570000;2016-01-13T17:28:32Z
354;CEAZA;Laguna Hurtado;Río Hurtado;Coquimbo;-30,511020000;-70,446700000;2016-01-13T17:29:21Z
356;CEAZA;El Romeral;La Serena;Coquimbo;-29,754970000;-71,257530000;2016-01-13T17:32:11Z
357;CEAZA;Salamanca;Salamanca;Coquimbo;-31,890000000;-70,750000000;2016-01-13T17:35:09Z
360;CEAZA;Tilama;Los Vilos;Coquimbo;-32,080000000;-71,160000000;2016-01-13T17:41:02Z
361;CEAZA;Pichidangui;Los Vilos;Coquimbo;-32,131420000;-71,531080000;2016-01-13T17:41:55Z
367;METEOVID;Ventisquero - Leyda;San Antonio;Valparaíso;-33,685483330;-71,549430560;2016-07-11T11:05:56Z
368;INIA;Monte Flor-Tucapel;Parral;Maule;-36,244800000;-71,934290000;2016-08-02T16:21:44Z
369;INIA;Ponotro;Tirúa;Biobío;-38,275290000;-73,498489000;2016-08-02T16:27:05Z
370;INIA;La Isla;Purén;Araucanía;-38,030000000;-72,982000000;2016-08-02T16:40:29Z
371;INIA;El Membrillo;Melipeuco;Araucanía;-38,834167000;-71,682500000;2016-08-02T16:42:56Z
372;INIA;Cerro Castillo;Torres del Paine;Magallanes;-51,176975000;-72,435811000;2016-08-02T16:45:05Z
373;INIA;Rinconada-U de Chile;Maipú;Metropolitana;-33,497093000;-70,845436000;2016-08-02T16:47:51Z
375;INIA;Estación Experimental Austral;Valdivia;Los Ríos;-39,787428000;-73,234546000;2016-08-02T16:51:17Z
376;INIA;Rucatayo;Río Bueno;Los Ríos;-40,598896000;-72,586541000;2016-08-02T16:54:00Z
377;INIA;Caleta Vitor;Arica;Arica y Parinacota;-18,781479000;-70,283902000;2016-08-02T16:55:26Z
388;INIA;Puchuncavi;Puchuncaví;Valparaíso;-32,754967000;-71,343432000;2017-05-05T09:49:13Z
389;INIA;El Arenal;Quinta de Tilcoco;O'Higgins;-34,355750000;-70,991278000;2017-05-05T09:51:48Z
390;INIA;Belén;Putre;Arica y Parinacota;-18,468208000;-69,523279000;2017-05-05T09:53:06Z
391;INIA;Ticnamar;Arica;Arica y Parinacota;-18,580070000;-69,495965000;2017-05-05T09:54:20Z
392;INIA;La Junta;Aysén;Aysén;-43,916933000;-72,387343000;2017-05-05T09:55:58Z
393;FDF;Los Vilos - Quebrachar;Los Vilos;Coquimbo;-31,860388900;-71,439583300;2017-08-03T11:52:45Z
398;FDF;Puchuncavi;Puchuncaví;Valparaíso;-32,731083300;-71,424138900;2017-08-03T11:54:01Z
403;FDF;Campanacura;Parral;Maule;-35,973888900;-72,027638900;2017-08-04T13:03:35Z
408;FDF;Las Lomillas - San Clemente;San Clemente;Maule;-35,541638900;-71,318221900;2017-08-04T13:04:39Z
413;FDF;Vichuquen;Vichuquén;Maule;-34,854972200;-72,026055600;2017-08-04T15:10:36Z
418;FDF;Cobquecura;Cobquecura;Biobío;-36,124527800;-72,795388900;2017-08-04T15:20:24Z
423;FDF;Allipén;Freire;Araucanía;-38,999722200;-72,521083300;2017-08-04T15:21:29Z
428;FDF;Los Quilantos;Freire;Araucanía;-38,908333300;-72,798222200;2017-08-04T15:22:35Z
433;FDF;Vida Nueva;Villarrica;Araucanía;-39,196388900;-72,261361100;2017-08-04T15:24:08Z
438;FDF;Peldehue;Colina;Metropolitana;-33,147111100;-70,660222200;2017-08-08T09:22:10Z
447;INIA;Falda Verde;Chañaral;Atacama;-26,299806000;-70,624111000;2017-08-31T09:32:00Z
459;INIA;Estancia Zenia;Porvenir;Magallanes;-53,319496000;-69,698147000;2017-08-31T15:45:23Z
467;INIA;Quilimari;Los Vilos;Coquimbo;-32,119098000;-71,460005000;2017-08-31T15:49:36Z
471;INIA;5 de enero;San Gregorio;Magallanes;-52,432478000;-70,360583000;2017-08-31T16:03:22Z
479;INIA;Altos la Portada;Antofagasta;Antofagasta;-23,504097700;-70,404666300;2017-08-31T16:08:26Z
483;INIA;Puente Negro;Pichilemu;O'Higgins;-34,386351000;-71,985710000;2017-08-31T16:11:56Z
487;INIA;Camar;San Pedro de Atacama;Antofagasta;-23,407102000;-67,963735000;2017-08-31T16:16:14Z
491;INIA;San Jorge Los Niches;Curicó;Maule;-35,091800000;-71,120579000;2017-08-31T16:18:48Z
495;INIA;Lien;Curepto;Maule;-35,099146000;-71,969797000;2017-08-31T16:20:40Z
499;INIA;Colliguay;Quilpué;Valparaíso;-33,168608900;-71,155717100;2017-08-31T16:24:53Z
503;INIA;Lomas;Pelluhue;Maule;-35,835449100;-72,587489000;2017-08-31T16:26:59Z
507;INIA;Puraligue;Treguaco;Biobío;-36,431036000;-72,647783000;2017-08-31T16:28:28Z
511;INIA;El Asiento;Alhué;Metropolitana;-34,029282000;-70,995098000;2017-08-31T16:32:12Z
519;INIA;San Rafael;Los Sauces;Araucanía;-38,070667000;-72,724176000;2017-08-31T16:33:40Z
523;INIA;La Paz;Loncoche;Araucanía;-39,428135000;-72,718521000;2017-08-31T16:38:12Z
527;INIA;Carelmapu;Maullín;Los Lagos;-41,709733000;-73,672262500;2017-08-31T16:41:13Z
531;INIA;Gaby-Ranquilco;Lumaco;Araucanía;-38,116919000;-72,883497000;2017-08-31T16:44:32Z
539;INIA;San Enrique;Pucón;Araucanía;-39,261711000;-71,868097000;2017-08-31T16:52:35Z
543;INIA;Cuya;Camarones;Arica y Parinacota;-19,161922000;-70,180968000;2017-08-31T16:53:38Z
547;INIA;Los Arrayanes;Toltén;Araucanía;-39,165408000;-73,132936000;2017-08-31T16:55:31Z
551;INIA;Pica;Pica;Tarapacá;-20,501476000;-69,342572000;2017-08-31T16:56:54Z
555;INIA;Huacamapu;San Juan de la Costa;Los Lagos;-40,659175000;-73,491723000;2017-08-31T16:58:20Z
559;INIA;Cuncumén;San Antonio;Valparaíso;-33,736215000;-71,421579000;2017-08-31T17:00:32Z
567;INIA;Huentelauquen;Canela;Coquimbo;-31,588500000;-71,509833000;2017-09-01T15:57:51Z
582;INIA;La Copa;Caldera;Atacama;-27,345439000;-70,622009000;2017-09-26T20:00:35Z
587;METEOVID;Siegel;San Fernando;O'Higgins;-34,525450000;-70,887580000;2017-09-26T20:12:07Z
592;METEOVID;Via Wines;Curicó;Maule;-35,090466700;-71,177367000;2017-09-26T20:14:40Z
597;METEOVID;Laberinto;Colbún;Maule;-35,699300000;-71,268700000;2017-09-26T20:15:34Z
602;METEOVID;Sierras de Bellavista;San Fernando;O'Higgins;-34,815583000;-70,751067000;2017-09-26T20:19:49Z
608;FDF;Iglesia Colorada;Tierra Amarilla;Atacama;-28,148944400;-69,891833330;2017-10-02T19:53:27Z
612;FDF;Freirina;Freirina;Atacama;-28,506638900;-71,103722220;2017-10-02T19:56:04Z
616;FDF;El Trapiche;La Higuera;Coquimbo;-29,371861100;-71,116083330;2017-10-02T19:57:13Z
617;INIA;Faja Maisan;Pitrufquén;Araucanía;-39,071148000;-72,921980000;2017-11-07T13:28:34Z
619;INIA;La Cachina;Taltal;Antofagasta;-25,433987000;-70,453243000;2017-11-07T13:30:57Z
621;INIA;Bajada Ibañez;Río Ibáñez;Aysén;-46,180619000;-72,043261000;2017-11-07T13:32:00Z
623;FDF;Los Espinos;Los Andes;Valparaíso;-32,890166700;-70,382138800;2017-11-17T10:25:01Z
625;METEOVID;Concha y Toro - Pencahue;Pencahue;Maule;-35,445220000;-71,834360000;2018-01-29T16:57:25Z
626;INIA;Arroyo el Gato;Coyhaique;Aysén;-45,162902000;-71,943627000;2018-03-07T11:47:08Z
628;INIA;Miraflores;Longaví;Maule;-35,818051000;-71,775019000;2018-03-07T12:02:18Z
630;INIA;Liceo Jean Buchanan;Peumo;O'Higgins;-34,397289200;-71,164671900;2018-03-07T12:04:06Z
632;INIA;Chaguaral;Monte Patria;Coquimbo;-30,857084000;-70,730689000;2018-03-07T12:07:55Z
634;INIA;Pid-Pid;Castro;Los Lagos;-42,411747000;-73,783913000;2018-03-07T12:10:23Z
636;INIA;Quilquico;Castro;Los Lagos;-42,491512000;-73,708817000;2018-03-07T12:13:00Z
638;INIA;Isla Chelin;Castro;Los Lagos;-42,589153000;-73,532906000;2018-03-07T12:15:53Z
640;INIA;Radal;Freire;Araucanía;-38,985470000;-72,381617000;2018-03-07T12:17:25Z
642;INIA;San Sebastián;Perquenco;Araucanía;-38,435064000;-72,399024000;2018-03-07T12:19:23Z
644;INIA;Taplon;Padre Las Casas;Araucanía;-38,832950000;-72,506385000;2018-03-07T12:21:03Z
646;INIA;El Vergel;Angol;Araucanía;-37,827809800;-72,659664900;2018-03-07T12:23:10Z
648;INIA;Pailahueque;Ercilla;Araucanía;-38,145552000;-72,659664900;2018-03-07T12:25:41Z
650;METEOVID;Viu Manent – Santa Cruz;Santa Cruz;O'Higgins;-34,646111111;-71,313611111;2019-07-17T09:40:23Z
651;METEOVID;Viu Manent – Peralillo;Peralillo;O'Higgins;-34,495833333;-71,491666666;2019-07-17T09:50:59Z
653;INIA;Licanchen;Navidad;O'Higgins;-33,929748500;-71,801002500;2019-12-05T09:58:28Z
655;INIA;Pampa Concordia;Arica;Arica y Parinacota;-18,362922000;-70,302033000;2020-03-30T15:02:10Z
658;INIA;Chapiquiña;Putre;Arica y Parinacota;-18,389472000;-69,539417000;2020-03-30T15:03:47Z
661;INIA;Ajial de Quiles;Punitaqui;Coquimbo;-30,920303000;-71,384100000;2020-03-30T15:19:03Z
664;INIA;La Polvareda;Punitaqui;Coquimbo;-30,882719000;-71,239736000;2020-03-30T15:20:27Z
667;INIA;Rayentué;Rengo;O'Higgins;-34,321704000;-70,833901000;2020-03-30T15:23:20Z
670;INIA;Las Puentes;Arauco;Biobío;-37,305126000;-73,436712000;2020-03-30T15:24:39Z
673;INIA;Santa Lucía;Florida;Biobío;-36,697460000;-72,704216000;2020-03-30T15:26:11Z
676;INIA;Collimallin;Temuco;Araucanía;-38,606698000;-72,701057000;2020-03-30T15:34:05Z
679;INIA;Tenaún;Dalcahue;Los Lagos;-42,312675000;-73,399902000;2020-03-30T15:35:31Z
682;INIA;Ñirehuao;Coyhaique;Aysén;-45,249744000;-71,694250000;2020-03-30T15:36:37Z
685;INIA;Puerto Ibañez;Río Ibáñez;Aysén;-46,278309000;-71,941433000;2020-03-30T15:38:07Z
688;INIA;El Oasis;Lampa;Metropolitana;-33,286268000;-70,836060000;2020-11-09T20:31:37Z
691;METEOVID;Luis Felipe Edwards-Pumanque;Pumanque;O'Higgins;-34,640893000;-71,776318000;2021-03-11T20:05:42Z
694;METEOVID;Luis Felipe Edwards-Las Rosas;Retiro;Maule;-35,889749000;-71,856565000;2021-03-11T20:08:21Z
696;FDF;Curicó;Curicó;Maule;-34,940973000;-71,222752000;2021-06-08T18:43:07Z
